stage,model,elapsed_sec,peak_mem_gb,num_samples
encode_images,ViT-B/32,27.15220660000341,0.5995497703552246,8677
encode_images,ViT-B/16,27.293047199986177,0.6863350868225098,8677
