run_mode,model,exp,acc,ci_low,ci_high,ci_half_width
full,ViT-B/16,B1_simple,0.8833698282816642,0.876570243171603,0.8901694133917253,0.006799585110061124
full,ViT-B/16,M1_ensemble_all,0.8870577388498329,0.8802581537397718,0.8936268295493834,0.006684337904805826
full,ViT-B/32,B1_simple,0.8758787599400715,0.8687334332142446,0.8826783450501325,0.006972455917943987
full,ViT-B/32,M1_ensemble_all,0.8728823326034344,0.8657370058776075,0.8797971649187507,0.007030079520571608
