run_mode,model,b,c,chi2,p_value,n_discordant
full,ViT-B/16,254,286,1.7796296296296297,0.18219481236127766,540
full,ViT-B/32,322,296,1.0113268608414239,0.31458517395938446,618
