model,B1_simple,M1_ensemble_all,delta_ens_minus_simple,B1_simple_ci,M1_ensemble_all_ci
ViT-B/16,0.8833698282816642,0.8870577388498329,0.0036879105681686397,"0.8834 [0.8766, 0.8902]","0.8871 [0.8803, 0.8936]"
ViT-B/32,0.8758787599400715,0.8728823326034344,-0.0029964273366370753,"0.8759 [0.8687, 0.8827]","0.8729 [0.8657, 0.8798]"
